State,District,Subdistt,Town/Village,Ward,Ward_Alphabet,EB,Level,Name,TRU,No_HH,TOT_P,TOT_M,TOT_F,P_06,M_06,F_06,P_SC,M_SC,F_SC,P_ST,M_ST,F_ST,P_LIT,M_LIT,F_LIT,P_ILL,M_ILL,F_ILL,TOT_WORK_P,TOT_WORK_M,TOT_WORK_F,MAINWORK_P,MAINWORK_M,MAINWORK_F,MAIN_CL_P,MAIN_CL_M,MAIN_CL_F,MAIN_AL_P,MAIN_AL_M,MAIN_AL_F,MAIN_HH_P,MAIN_HH_M,MAIN_HH_F,MAIN_OT_P,MAIN_OT_M,MAIN_OT_F,MARGWORK_P,MARGWORK_M,MARGWORK_F,MARG_CL_P,MARG_CL_M,MARG_CL_F,MARG_AL_P,MARG_AL_M,MARG_AL_F,MARG_HH_P,MARG_HH_M,MARG_HH_F,MARG_OT_P,MARG_OT_M,MARG_OT_F,MARGWORK_3_6_P,MARGWORK_3_6_M,MARGWORK_3_6_F,MARG_CL_3_6_P,MARG_CL_3_6_M,MARG_CL_3_6_F,MARG_AL_3_6_P,MARG_AL_3_6_M,MARG_AL_3_6_F,MARG_HH_3_6_P,MARG_HH_3_6_M,MARG_HH_3_6_F,MARG_OT_3_6_P,MARG_OT_3_6_M,MARG_OT_3_6_F,MARGWORK_0_3_P,MARGWORK_0_3_M,MARGWORK_0_3_F,MARG_CL_0_3_P,MARG_CL_0_3_M,MARG_CL_0_3_F,MARG_AL_0_3_P,MARG_AL_0_3_M,MARG_AL_0_3_F,MARG_HH_0_3_P,MARG_HH_0_3_M,MARG_HH_0_3_F,MARG_OT_0_3_P,MARG_OT_0_3_M,MARG_OT_0_3_F,NON_WORK_P,NON_WORK_M,NON_WORK_F
27,519,99999,802794,0101,A,000000,WARD,Greater Mumbai (M Corp.) (Part) WARD NO.-0101,Urban,21985,92528,51198,41330,11327,6034,5293,4993,2582,2411,862,480,382,70028,40812,29216,22500,10386,12114,41142,31698,9444,38942,30460,8482,95,74,21,108,88,20,564,388,176,38175,29910,8265,2200,1238,962,48,18,30,11,7,4,63,28,35,2078,1185,893,1975,1109,866,48,18,30,10,7,3,56,26,30,1861,1058,803,225,129,96,0,0,0,1,0,1,7,2,5,217,127,90,51386,19500,31886
27,519,99999,802794,0102,A,000000,WARD,Greater Mumbai (M Corp.) (Part) WARD NO.-0102,Urban,7787,32450,16739,15711,2472,1252,1220,2699,1280,1419,1085,535,550,27275,14538,12737,5175,2201,2974,14497,10175,4322,13687,9726,3961,35,29,6,29,19,10,129,77,52,13494,9601,3893,810,449,361,10,4,6,1,1,0,32,8,24,767,436,331,758,422,336,10,4,6,1,1,0,25,8,17,722,409,313,52,27,25,0,0,0,0,0,0,7,0,7,45,27,18,17953,6564,11389
27,519,99999,802794,0103,A,000000,WARD,Greater Mumbai (M Corp.) (Part) WARD NO.-0103,Urban,5618,23963,13289,10674,2083,1093,990,1630,848,782,997,522,475,18600,10754,7846,5363,2535,2828,12024,8600,3424,10589,7739,2850,32,22,10,24,17,7,150,103,47,10383,7597,2786,1435,861,574,5,3,2,4,4,0,34,16,18,1392,838,554,1274,759,515,4,3,1,4,4,0,31,15,16,1235,737,498,161,102,59,1,0,1,0,0,0,3,1,2,157,101,56,11939,4689,7250
27,519,99999,802794,0104,A,000000,WARD,Greater Mumbai (M Corp.) (Part) WARD NO.-0104,Urban,2925,12402,7165,5237,838,451,387,217,127,90,80,51,29,10698,6239,4459,1704,926,778,5627,4763,864,5345,4546,799,118,94,24,11,8,3,68,41,27,5148,4403,745,282,217,65,15,13,2,2,1,1,10,6,4,255,197,58,255,198,57,14,12,2,2,1,1,6,2,4,233,183,50,27,19,8,1,1,0,0,0,0,4,4,0,22,14,8,6775,2402,4373
27,519,99999,802794,0105,A,000000,WARD,Greater Mumbai (M Corp.) (Part) WARD NO.-0105,Urban,5551,23671,12836,10835,1563,779,784,4095,2000,2095,169,87,82,19634,10748,8886,4037,2088,1949,10470,8220,2250,9845,7741,2104,27,6,21,23,15,8,54,24,30,9741,7696,2045,625,479,146,9,4,5,5,3,2,17,7,10,594,465,129,536,406,130,9,4,5,5,3,2,15,5,10,507,394,113,89,73,16,0,0,0,0,0,0,2,2,0,87,71,16,13201,4616,8585
27,519,99999,802794,0206,B,000000,WARD,Greater Mumbai (M Corp.) (Part) WARD NO.-0206,Urban,5802,26794,15540,11254,2745,1465,1280,501,300,201,274,136,138,19831,11855,7976,6963,3685,3278,11670,10100,1570,10855,9535,1320,9,7,2,16,11,5,438,291,147,10392,9226,1166,815,565,250,8,5,3,3,3,0,58,33,25,746,524,222,612,414,198,8,5,3,3,3,0,36,23,13,565,383,182,203,151,52,0,0,0,0,0,0,22,10,12,181,141,40,15124,5440,9684
27,519,99999,802794,0207,B,000000,WARD,Greater Mumbai (M Corp.) (Part) WARD NO.-0207,Urban,3223,14451,8311,6140,1215,609,606,11,11,0,35,28,7,12188,7040,5148,2263,1271,992,5988,5432,556,5896,5377,519,5,3,2,13,10,3,217,176,41,5661,5188,473,92,55,37,1,1,0,1,0,1,6,0,6,84,54,30,84,48,36,1,1,0,1,0,1,5,0,5,77,47,30,8,7,1,0,0,0,0,0,0,1,0,1,7,7,0,8463,2879,5584
27,519,99999,802794,0208,B,000000,WARD,Greater Mumbai (M Corp.) (Part) WARD NO.-0208,Urban,11440,55886,30270,25616,5590,2966,2624,1539,750,789,93,64,29,46205,25239,20966,9681,5031,4650,19930,17366,2564,18994,16818,2176,42,30,12,33,25,8,565,455,110,18354,16308,2046,936,548,388,13,7,6,17,11,6,52,16,36,854,514,340,799,452,347,12,7,5,13,7,6,42,13,29,732,425,307,137,96,41,1,0,1,4,4,0,10,3,7,122,89,33,35956,12904,23052
27,519,99999,802794,0209,B,000000,WARD,Greater Mumbai (M Corp.) (Part) WARD NO.-0209,Urban,6675,30159,16324,13835,2721,1394,1327,3287,1587,1700,687,432,255,23224,12943,10281,6935,3381,3554,12630,10084,2546,11852,9586,2266,21,13,8,26,16,10,268,158,110,11537,9399,2138,778,498,280,7,7,0,2,1,1,44,14,30,725,476,249,588,376,212,5,5,0,1,1,0,34,10,24,548,360,188,190,122,68,2,2,0,1,0,1,10,4,6,177,116,61,17529,6240,11289
27,519,99999,802794,0310,C,000000,WARD,Greater Mumbai (M Corp.) (Part) WARD NO.-0310,Urban,5097,23703,13425,10278,1934,976,958,129,63,66,36,24,12,19268,10750,8518,4435,2675,1760,9784,8667,1117,9351,8387,964,18,13,5,18,15,3,263,197,66,9052,8162,890,433,280,153,12,8,4,5,3,2,22,6,16,394,263,131,368,235,133,10,7,3,4,2,2,18,6,12,336,220,116,65,45,20,2,1,1,1,1,0,4,0,4,58,43,15,13919,4758,9161
27,519,99999,802794,0311,C,000000,WARD,Greater Mumbai (M Corp.) (Part) WARD NO.-0311,Urban,5335,25646,14566,11080,2051,1061,990,720,346,374,41,25,16,21487,12540,8947,4159,2026,2133,11137,9401,1736,10518,8991,1527,29,17,12,12,8,4,392,272,120,10085,8694,1391,619,410,209,28,16,12,7,2,5,39,12,27,545,380,165,573,386,187,28,16,12,6,1,5,32,9,23,507,360,147,46,24,22,0,0,0,1,1,0,7,3,4,38,20,18,14509,5165,9344
27,519,99999,802794,0312,C,000000,WARD,Greater Mumbai (M Corp.) (Part) WARD NO.-0312,Urban,7572,37220,21990,15230,3086,1595,1491,104,65,39,54,42,12,31541,18972,12569,5679,3018,2661,16498,14814,1684,15780,14376,1404,38,31,7,34,28,6,1493,1394,99,14215,12923,1292,718,438,280,23,11,12,2,0,2,52,29,23,641,398,243,650,396,254,23,11,12,2,0,2,45,28,17,580,357,223,68,42,26,0,0,0,0,0,0,7,1,6,61,41,20,20722,7176,13546
27,519,99999,802794,0313,C,000000,WARD,Greater Mumbai (M Corp.) (Part) WARD NO.-0313,Urban,3960,17853,13437,4416,679,360,319,122,63,59,17,9,8,15275,11700,3575,2578,1737,841,12692,11601,1091,12416,11403,1013,32,23,9,26,24,2,291,245,46,12067,11111,956,276,198,78,20,9,11,0,0,0,18,13,5,238,176,62,253,180,73,20,9,11,0,0,0,17,12,5,216,159,57,23,18,5,0,0,0,0,0,0,1,1,0,22,17,5,5161,1836,3325
27,519,99999,802794,0314,C,000000,WARD,Greater Mumbai (M Corp.) (Part) WARD NO.-0314,Urban,7171,30878,17354,13524,1821,992,829,966,469,497,163,75,88,26740,15216,11524,4138,2138,2000,15028,11654,3374,14524,11335,3189,31,23,8,48,35,13,608,447,161,13837,10830,3007,504,319,185,21,12,9,1,0,1,32,18,14,450,289,161,435,276,159,21,12,9,1,0,1,24,14,10,389,250,139,69,43,26,0,0,0,0,0,0,8,4,4,61,39,22,15850,5700,10150
27,519,99999,802794,0315,C,000000,WARD,Greater Mumbai (M Corp.) (Part) WARD NO.-0315,Urban,7344,30861,17255,13606,1883,1009,874,267,141,126,67,32,35,26552,14604,11948,4309,2651,1658,14099,11029,3070,13438,10590,2848,34,27,7,28,23,5,363,243,120,13013,10297,2716,661,439,222,13,6,7,0,0,0,28,14,14,620,419,201,530,342,188,12,6,6,0,0,0,18,9,9,500,327,173,131,97,34,1,0,1,0,0,0,10,5,5,120,92,28,16762,6226,10536
27,519,99999,802794,0416,D,000000,WARD,Greater Mumbai (M Corp.) (Part) WARD NO.-0416,Urban,11187,52217,28767,23450,3640,1920,1720,929,476,453,117,62,55,43187,24264,18923,9030,4503,4527,22578,18458,4120,21398,17714,3684,71,46,25,54,46,8,586,441,145,20687,17181,3506,1180,744,436,57,26,31,2,1,1,46,25,21,1075,692,383,1044,654,390,57,26,31,2,1,1,35,22,13,950,605,345,136,90,46,0,0,0,0,0,0,11,3,8,125,87,38,29639,10309,19330
27,519,99999,802794,0417,D,000000,WARD,Greater Mumbai (M Corp.) (Part) WARD NO.-0417,Urban,10999,54783,28721,26062,4898,2510,2388,3554,1687,1867,72,39,33,44835,24203,20632,9948,4518,5430,21728,17201,4527,20123,16209,3914,72,40,32,63,39,24,608,444,164,19380,15686,3694,1605,992,613,39,18,21,20,16,4,119,77,42,1427,881,546,1321,818,503,39,18,21,20,16,4,62,32,30,1200,752,448,284,174,110,0,0,0,0,0,0,57,45,12,227,129,98,33055,11520,21535
27,519,99999,802794,0418,D,000000,WARD,Greater Mumbai (M Corp.) (Part) WARD NO.-0418,Urban,9356,38581,19915,18666,2316,1232,1084,306,152,154,210,115,95,34454,17902,16552,4127,2013,2114,16321,12259,4062,15167,11647,3520,36,13,23,50,36,14,540,381,159,14541,11217,3324,1154,612,542,27,18,9,9,7,2,68,32,36,1050,555,495,1074,569,505,27,18,9,8,6,2,58,30,28,981,515,466,80,43,37,0,0,0,1,1,0,10,2,8,69,40,29,22260,7656,14604
27,519,99999,802794,0419,D,000000,WARD,Greater Mumbai (M Corp.) (Part) WARD NO.-0419,Urban,3641,15065,8087,6978,803,444,359,217,116,101,224,111,113,13315,7212,6103,1750,875,875,6919,5249,1670,6568,5031,1537,22,16,6,12,11,1,257,195,62,6277,4809,1468,351,218,133,11,8,3,2,1,1,17,7,10,321,202,119,288,175,113,11,8,3,2,1,1,12,5,7,263,161,102,63,43,20,0,0,0,0,0,0,5,2,3,58,41,17,8146,2838,5308
27,519,99999,802794,0420,D,000000,WARD,Greater Mumbai (M Corp.) (Part) WARD NO.-0420,Urban,15333,67661,35611,32050,3934,2056,1878,1011,516,495,409,224,185,58573,30963,27610,9088,4648,4440,32322,23325,8997,29739,22045,7694,108,75,33,114,75,39,1097,806,291,28420,21089,7331,2583,1280,1303,56,24,32,15,7,8,74,29,45,2438,1220,1218,2386,1168,1218,52,22,30,14,7,7,65,26,39,2255,1113,1142,197,112,85,4,2,2,1,0,1,9,3,6,183,107,76,35339,12286,23053
27,519,99999,802794,0421,D,000000,WARD,Greater Mumbai (M Corp.) (Part) WARD NO.-0421,Urban,27040,118559,61887,56672,7832,4102,3730,10827,5270,5557,597,326,271,100114,52851,47263,18445,9036,9409,53225,37926,15299,49918,36125,13793,230,139,91,266,190,76,1759,1264,495,47663,34532,13131,3307,1801,1506,116,60,56,42,23,19,171,81,90,2978,1637,1341,2977,1592,1385,113,58,55,42,23,19,140,64,76,2682,1447,1235,330,209,121,3,2,1,0,0,0,31,17,14,296,190,106,65334,23961,41373
27,519,99999,802794,0522,E,000000,WARD,Greater Mumbai (M Corp.) (Part) WARD NO.-0522,Urban,18125,88149,49531,38618,9034,4667,4367,4089,2229,1860,1089,579,510,66086,38415,27671,22063,11116,10947,36853,30961,5892,34051,29300,4751,72,53,19,74,55,19,778,594,184,33127,28598,4529,2802,1661,1141,36,24,12,14,7,7,100,53,47,2652,1577,1075,2335,1352,983,34,23,11,13,6,7,80,37,43,2208,1286,922,467,309,158,2,1,1,1,1,0,20,16,4,444,291,153,51296,18570,32726
27,519,99999,802794,0523,E,000000,WARD,Greater Mumbai (M Corp.) (Part) WARD NO.-0523,Urban,12336,57232,30411,26821,4475,2296,2179,3184,1625,1559,501,266,235,49350,26737,22613,7882,3674,4208,23671,18482,5189,22241,17692,4549,63,33,30,77,56,21,606,472,134,21495,17131,4364,1430,790,640,38,20,18,10,6,4,50,21,29,1332,743,589,1190,641,549,35,18,17,6,2,4,39,17,22,1110,604,506,240,149,91,3,2,1,4,4,0,11,4,7,222,139,83,33561,11929,21632
27,519,99999,802794,0524,E,000000,WARD,Greater Mumbai (M Corp.) (Part) WARD NO.-0524,Urban,4264,19851,9816,10035,1623,843,780,4134,2040,2094,112,61,51,16767,8526,8241,3084,1290,1794,7469,5323,2146,6896,5023,1873,33,14,19,33,21,12,139,91,48,6691,4897,1794,573,300,273,24,11,13,1,0,1,28,11,17,520,278,242,527,269,258,24,11,13,1,0,1,26,9,17,476,249,227,46,31,15,0,0,0,0,0,0,2,2,0,44,29,15,12382,4493,7889
27,519,99999,802794,0525,E,000000,WARD,Greater Mumbai (M Corp.) (Part) WARD NO.-0525,Urban,5943,32121,17602,14519,3222,1624,1598,243,127,116,22,17,5,25975,14302,11673,6146,3300,2846,11870,10282,1588,11018,9724,1294,28,21,7,107,96,11,699,633,66,10184,8974,1210,852,558,294,17,8,9,14,10,4,73,33,40,748,507,241,725,464,261,17,8,9,10,8,2,49,21,28,649,427,222,127,94,33,0,0,0,4,2,2,24,12,12,99,80,19,20251,7320,12931
27,519,99999,802794,0526,E,000000,WARD,Greater Mumbai (M Corp.) (Part) WARD NO.-0526,Urban,6842,35980,20185,15795,3668,1931,1737,2942,1446,1496,305,166,139,27050,16045,11005,8930,4140,4790,14328,12126,2202,13180,11478,1702,49,34,15,44,31,13,907,711,196,12180,10702,1478,1148,648,500,17,11,6,11,5,6,89,34,55,1031,598,433,861,559,302,17,11,6,3,2,1,67,25,42,774,521,253,287,89,198,0,0,0,8,3,5,22,9,13,257,77,180,21652,8059,13593
27,519,99999,802794,0527,E,000000,WARD,Greater Mumbai (M Corp.) (Part) WARD NO.-0527,Urban,30836,159953,88522,71431,15177,8009,7168,7622,3835,3787,578,304,274,126980,70916,56064,32973,17606,15367,65468,53712,11756,61066,50900,10166,176,119,57,254,207,47,2617,2209,408,58019,48365,9654,4402,2812,1590,102,55,47,52,24,28,411,294,117,3837,2439,1398,3690,2278,1412,100,54,46,49,22,27,333,241,92,3208,1961,1247,712,534,178,2,1,1,3,2,1,78,53,25,629,478,151,94485,34810,59675
27,519,99999,802794,0628,F/S,000000,WARD,Greater Mumbai (M Corp.) (Part) WARD NO.-0628,Urban,24948,107563,55731,51832,7573,3952,3621,5711,2862,2849,539,257,282,94378,49749,44629,13185,5982,7203,42902,32118,10784,40930,31021,9909,125,79,46,221,189,32,1123,749,374,39461,30004,9457,1972,1097,875,91,46,45,12,9,3,97,41,56,1772,1001,771,1667,906,761,87,44,43,11,8,3,83,34,49,1486,820,666,305,191,114,4,2,2,1,1,0,14,7,7,286,181,105,64661,23613,41048
27,519,99999,802794,0629,F/S,000000,WARD,Greater Mumbai (M Corp.) (Part) WARD NO.-0629,Urban,35973,168063,90695,77368,16244,8701,7543,9279,4807,4472,1553,822,731,136532,76433,60099,31531,14262,17269,65009,51740,13269,60951,49146,11805,164,98,66,292,231,61,1791,1200,591,58704,47617,11087,4058,2594,1464,165,90,75,46,32,14,290,131,159,3557,2341,1216,3329,2149,1180,160,88,72,43,30,13,213,103,110,2913,1928,985,729,445,284,5,2,3,3,2,1,77,28,49,644,413,231,103054,38955,64099
27,519,99999,802794,0630,F/S,000000,WARD,Greater Mumbai (M Corp.) (Part) WARD NO.-0630,Urban,18812,85346,44313,41033,6700,3525,3175,11191,5488,5703,438,245,193,72133,38543,33590,13213,5770,7443,33300,25249,8051,31550,24140,7410,81,50,31,264,228,36,942,539,403,30263,23323,6940,1750,1109,641,73,36,37,22,17,5,126,55,71,1529,1001,528,1508,947,561,73,36,37,20,15,5,112,49,63,1303,847,456,242,162,80,0,0,0,2,2,0,14,6,8,226,154,72,52046,19064,32982
27,519,99999,802794,0731,F/N,000000,WARD,Greater Mumbai (M Corp.) (Part) WARD NO.-0731,Urban,11331,44768,22544,22224,2374,1269,1105,1424,715,709,147,88,59,40585,20386,20199,4183,2158,2025,18191,13279,4912,17833,13079,4754,28,25,3,33,22,11,351,223,128,17421,12809,4612,358,200,158,6,4,2,1,0,1,16,6,10,335,190,145,283,161,122,6,4,2,1,0,1,13,4,9,263,153,110,75,39,36,0,0,0,0,0,0,3,2,1,72,37,35,26577,9265,17312
27,519,99999,802794,0732,F/N,000000,WARD,Greater Mumbai (M Corp.) (Part) WARD NO.-0732,Urban,108293,484266,262640,221626,50212,26152,24060,35793,18371,17422,5686,3098,2588,379907,215682,164225,104359,46958,57401,189773,152712,37061,176746,144758,31988,605,403,202,1061,869,192,5375,3837,1538,169705,139649,30056,13027,7954,5073,439,210,229,135,88,47,890,315,575,11563,7341,4222,10860,6518,4342,432,207,225,115,72,43,639,237,402,9674,6002,3672,2167,1436,731,7,3,4,20,16,4,251,78,173,1889,1339,550,294493,109928,184565
27,519,99999,802794,0835,G/N,000000,WARD,Greater Mumbai (M Corp.) (Part) WARD NO.-0835,Urban,10786,48021,24973,23048,3676,1921,1755,4252,2068,2184,229,117,112,40806,21904,18902,7215,3069,4146,19571,14374,5197,18632,13902,4730,97,72,25,90,64,26,466,282,184,17979,13484,4495,939,472,467,32,17,15,5,1,4,74,27,47,828,427,401,726,369,357,31,16,15,5,1,4,60,23,37,630,329,301,213,103,110,1,1,0,0,0,0,14,4,10,198,98,100,28450,10599,17851
27,519,99999,802794,0836,G/N,000000,WARD,Greater Mumbai (M Corp.) (Part) WARD NO.-0836,Urban,33628,148827,78660,70167,11401,6009,5392,13315,6808,6507,2785,1393,1392,125073,68363,56710,23754,10297,13457,60438,45537,14901,57360,43742,13618,191,137,54,227,174,53,1497,892,605,55445,42539,12906,3078,1795,1283,89,39,50,34,18,16,315,131,184,2640,1607,1033,2458,1381,1077,88,38,50,28,16,12,248,105,143,2094,1222,872,620,414,206,1,1,0,6,2,4,67,26,41,546,385,161,88389,33123,55266
27,519,99999,802794,0837,G/N,000000,WARD,Greater Mumbai (M Corp.) (Part) WARD NO.-0837,Urban,20910,96529,56388,40141,7758,4094,3664,13307,6831,6476,497,289,208,79788,48836,30952,16741,7552,9189,42960,35684,7276,41511,34821,6690,86,66,20,138,108,30,1614,1285,329,39673,33362,6311,1449,863,586,41,21,20,10,4,6,72,24,48,1326,814,512,1166,677,489,40,20,20,9,3,6,48,15,33,1069,639,430,283,186,97,1,1,0,1,1,0,24,9,15,257,175,82,53569,20704,32865
27,519,99999,802794,0838,G/N,000000,WARD,Greater Mumbai (M Corp.) (Part) WARD NO.-0838,Urban,18133,84372,48741,35631,7298,3845,3453,6825,3601,3224,544,302,242,66637,40198,26439,17735,8543,9192,36252,30026,6226,34653,28992,5661,379,340,39,195,162,33,1060,850,210,33019,27640,5379,1599,1034,565,62,33,29,22,16,6,84,47,37,1431,938,493,1250,779,471,61,32,29,18,13,5,45,23,22,1126,711,415,349,255,94,1,1,0,4,3,1,39,24,15,305,227,78,48120,18715,29405
27,519,99999,802794,0933,G/S,000000,WARD,Greater Mumbai (M Corp.) (Part) WARD NO.-0933,Urban,94194,454589,258777,195812,47050,24425,22625,52351,26809,25542,3190,1757,1433,352786,210459,142327,101803,48318,53485,192410,160413,31997,181751,153342,28409,464,317,147,727,588,139,8896,7013,1883,171664,145424,26240,10659,7071,3588,295,154,141,95,62,33,827,405,422,9442,6450,2992,9021,5966,3055,292,153,139,77,52,25,555,247,308,8097,5514,2583,1638,1105,533,3,1,2,18,10,8,272,158,114,1345,936,409,262179,98364,163815
27,519,99999,802794,0934,G/S,000000,WARD,Greater Mumbai (M Corp.) (Part) WARD NO.-0934,Urban,19603,80583,40008,40575,5511,2779,2732,1243,619,624,309,163,146,70605,35401,35204,9978,4607,5371,31584,22170,9414,30159,21459,8700,64,37,27,96,62,34,651,371,280,29348,20989,8359,1425,711,714,29,14,15,14,5,9,73,27,46,1309,665,644,1248,615,633,29,14,15,13,5,8,50,20,30,1156,576,580,177,96,81,0,0,0,1,0,1,23,7,16,153,89,64,48999,17838,31161
27,519,99999,802794,0935,G/S,000000,WARD,Greater Mumbai (M Corp.) (Part) WARD NO.-0935,Urban,14341,63867,32384,31483,4459,2224,2235,4905,2434,2471,280,145,135,54560,28440,26120,9307,3944,5363,26038,18799,7239,23861,17608,6253,97,61,36,145,125,20,617,392,225,23002,17030,5972,2177,1191,986,49,24,25,10,4,6,82,25,57,2036,1138,898,2040,1117,923,49,24,25,10,4,6,59,18,41,1922,1071,851,137,74,63,0,0,0,0,0,0,23,7,16,114,67,47,37829,13585,24244
27,518,99999,802794,1043,H/W,000000,WARD,Greater Mumbai (M Corp.) (Part) WARD NO.-1043,Urban,21127,99427,55206,44221,9488,4990,4498,5137,2547,2590,588,326,262,81277,46623,34654,18150,8583,9567,41494,33272,8222,38950,31700,7250,117,67,50,180,127,53,1482,1100,382,37171,30406,6765,2544,1572,972,92,49,43,36,26,10,153,64,89,2263,1433,830,2147,1317,830,89,47,42,23,13,10,119,56,63,1916,1201,715,397,255,142,3,2,1,13,13,0,34,8,26,347,232,115,57933,21934,35999
27,518,99999,802794,1045,H/W,000000,WARD,Greater Mumbai (M Corp.) (Part) WARD NO.-1045,Urban,38257,185572,101137,84435,20609,10688,9921,18186,9300,8886,1802,1037,765,142937,81219,61718,42635,19918,22717,73974,58377,15597,66757,53904,12853,488,321,167,714,604,110,2270,1615,655,63285,51364,11921,7217,4473,2744,227,128,99,457,388,69,390,180,210,6143,3777,2366,6139,3698,2441,195,111,84,424,371,53,267,123,144,5253,3093,2160,1078,775,303,32,17,15,33,17,16,123,57,66,890,684,206,111598,42760,68838
27,518,99999,802794,1048,H/W,000000,WARD,Greater Mumbai (M Corp.) (Part) WARD NO.-1048,Urban,60882,272240,149523,122717,24884,12993,11891,11172,5932,5240,1790,1084,706,224962,128040,96922,47278,21483,25795,115415,90561,24854,107541,86066,21475,324,211,113,478,347,131,2401,1707,694,104338,83801,20537,7874,4495,3379,199,102,97,67,34,33,270,101,169,7338,4258,3080,6872,3868,3004,194,99,95,59,27,32,222,87,135,6397,3655,2742,1002,627,375,5,3,2,8,7,1,48,14,34,941,603,338,156825,58962,97863
27,518,99999,802794,1139,H/E,000000,WARD,Greater Mumbai (M Corp.) (Part) WARD NO.-1139,Urban,9739,47123,26017,21106,5432,2787,2645,563,286,277,75,43,32,35883,20530,15353,11240,5487,5753,18296,15609,2687,17213,14764,2449,24,15,9,28,27,1,219,186,33,16942,14536,2406,1083,845,238,18,13,5,6,3,3,28,10,18,1031,819,212,883,704,179,18,13,5,3,1,2,14,6,8,848,684,164,200,141,59,0,0,0,3,2,1,14,4,10,183,135,48,28827,10408,18419
27,518,99999,802794,1140,H/E,000000,WARD,Greater Mumbai (M Corp.) (Part) WARD NO.-1140,Urban,9538,36739,18219,18520,2570,1354,1216,394,183,211,73,37,36,31634,15898,15736,5105,2321,2784,15228,10355,4873,14654,10041,4613,34,20,14,62,41,21,481,348,133,14077,9632,4445,574,314,260,14,10,4,5,3,2,19,11,8,536,290,246,511,270,241,14,10,4,5,3,2,14,7,7,478,250,228,63,44,19,0,0,0,0,0,0,5,4,1,58,40,18,21511,7864,13647
27,518,99999,802794,1141,H/E,000000,WARD,Greater Mumbai (M Corp.) (Part) WARD NO.-1141,Urban,12403,48710,24372,24338,3424,1753,1671,2708,1321,1387,232,125,107,41914,21218,20696,6796,3154,3642,21421,14522,6899,20304,13869,6435,61,36,25,88,58,30,508,327,181,19647,13448,6199,1117,653,464,36,17,19,21,11,10,43,17,26,1017,608,409,996,584,412,36,17,19,19,10,9,37,16,21,904,541,363,121,69,52,0,0,0,2,1,1,6,1,5,113,67,46,27289,9850,17439
27,518,99999,802794,1142,H/E,000000,WARD,Greater Mumbai (M Corp.) (Part) WARD NO.-1142,Urban,13302,59337,34141,25196,5215,2798,2417,1827,952,875,1974,1010,964,47594,28930,18664,11743,5211,6532,29582,22284,7298,27107,20825,6282,57,33,24,111,76,35,791,510,281,26148,20206,5942,2475,1459,1016,53,25,28,22,10,12,111,49,62,2289,1375,914,2098,1223,875,48,23,25,20,9,11,85,33,52,1945,1158,787,377,236,141,5,2,3,2,1,1,26,16,10,344,217,127,29755,11857,17898
27,518,99999,802794,1143,H/E,000000,WARD,Greater Mumbai (M Corp.) (Part) WARD NO.-1143,Urban,7175,29539,14915,14624,1943,977,966,2882,1414,1468,155,89,66,25919,13274,12645,3620,1641,1979,12388,9116,3272,11734,8824,2910,25,16,9,48,39,9,106,61,45,11555,8708,2847,654,292,362,14,7,7,2,0,2,15,6,9,623,279,344,619,269,350,14,7,7,2,0,2,13,4,9,590,258,332,35,23,12,0,0,0,0,0,0,2,2,0,33,21,12,17151,5799,11352
27,518,99999,802794,1144,H/E,000000,WARD,Greater Mumbai (M Corp.) (Part) WARD NO.-1144,Urban,4793,18855,9387,9468,1114,569,545,166,79,87,15,6,9,17019,8549,8470,1836,838,998,7790,5621,2169,7629,5539,2090,11,6,5,12,8,4,262,223,39,7344,5302,2042,161,82,79,1,1,0,2,1,1,5,2,3,153,78,75,147,75,72,1,1,0,2,1,1,3,2,1,141,71,70,14,7,7,0,0,0,0,0,0,2,0,2,12,7,5,11065,3766,7299
27,518,99999,802794,1145,H/E,000000,WARD,Greater Mumbai (M Corp.) (Part) WARD NO.-1145,Urban,3024,12322,6223,6099,799,415,384,167,88,79,29,16,13,11049,5583,5466,1273,640,633,4803,3616,1187,4631,3494,1137,8,7,1,15,12,3,181,145,36,4427,3330,1097,172,122,50,6,3,3,3,1,2,6,0,6,157,118,39,157,112,45,6,3,3,3,1,2,6,0,6,142,108,34,15,10,5,0,0,0,0,0,0,0,0,0,15,10,5,7519,2607,4912
27,518,99999,802794,1146,H/E,000000,WARD,Greater Mumbai (M Corp.) (Part) WARD NO.-1146,Urban,6710,26671,13333,13338,1565,779,786,255,136,119,193,90,103,23971,12145,11826,2700,1188,1512,10985,7966,3019,10508,7681,2827,13,12,1,23,15,8,273,220,53,10199,7434,2765,477,285,192,16,6,10,6,4,2,21,13,8,434,262,172,400,237,163,16,6,10,5,4,1,16,9,7,363,218,145,77,48,29,0,0,0,1,0,1,5,4,1,71,44,27,15686,5367,10319
27,518,99999,802794,1147,H/E,000000,WARD,Greater Mumbai (M Corp.) (Part) WARD NO.-1147,Urban,6259,28285,15090,13195,1946,1006,940,749,387,362,118,84,34,24793,13465,11328,3492,1625,1867,12008,9576,2432,11599,9291,2308,20,15,5,33,17,16,370,271,99,11176,8988,2188,409,285,124,7,4,3,4,3,1,24,11,13,374,267,107,350,248,102,6,4,2,4,3,1,20,10,10,320,231,89,59,37,22,1,0,1,0,0,0,4,1,3,54,36,18,16277,5514,10763
27,518,99999,802794,1249,K/E,000000,WARD,Greater Mumbai (M Corp.) (Part) WARD NO.-1249,Urban,39274,164831,86280,78551,12520,6575,5945,9458,4870,4588,1413,749,664,140356,75838,64518,24475,10442,14033,68420,51023,17397,65770,49400,16370,121,78,43,192,123,69,1365,813,552,64092,48386,15706,2650,1623,1027,69,34,35,18,14,4,112,48,64,2451,1527,924,2186,1313,873,67,32,35,17,13,4,89,41,48,2013,1227,786,464,310,154,2,2,0,1,1,0,23,7,16,438,300,138,96411,35257,61154
27,518,99999,802794,1255,K/E,000000,WARD,Greater Mumbai (M Corp.) (Part) WARD NO.-1255,Urban,90659,393391,213532,179859,36502,18921,17581,16331,8414,7917,4532,2352,2180,324864,183375,141489,68527,30157,38370,164043,129287,34756,154348,123235,31113,521,336,185,776,584,192,3241,2219,1022,149810,120096,29714,9695,6052,3643,222,111,111,168,94,74,523,178,345,8782,5669,3113,8140,5061,3079,220,110,110,138,78,60,292,131,161,7490,4742,2748,1555,991,564,2,1,1,30,16,14,231,47,184,1292,927,365,229348,84245,145103
27,518,99999,802794,1256,K/E,000000,WARD,Greater Mumbai (M Corp.) (Part) WARD NO.-1256,Urban,60912,265663,140843,124820,25061,13136,11925,7975,4003,3972,1672,856,816,221817,121316,100501,43846,19527,24319,107397,83621,23776,101623,79995,21628,225,152,73,495,374,121,2684,1949,735,98219,77520,20699,5774,3626,2148,118,53,65,43,24,19,311,132,179,5302,3417,1885,4789,2943,1846,113,52,61,38,21,17,230,99,131,4408,2771,1637,985,683,302,5,1,4,5,3,2,81,33,48,894,646,248,158266,57222,101044
27,518,99999,802794,1350,K/W,000000,WARD,Greater Mumbai (M Corp.) (Part) WARD NO.-1350,Urban,13088,57426,30444,26982,4102,2181,1921,1143,574,569,339,157,182,49105,26403,22702,8321,4041,4280,24257,18578,5679,22907,17790,5117,34,22,12,61,49,12,464,350,114,22348,17369,4979,1350,788,562,28,10,18,10,6,4,153,85,68,1159,687,472,1243,724,519,26,8,18,10,6,4,140,76,64,1067,634,433,107,64,43,2,2,0,0,0,0,13,9,4,92,53,39,33169,11866,21303
27,518,99999,802794,1351,K/W,000000,WARD,Greater Mumbai (M Corp.) (Part) WARD NO.-1351,Urban,21999,99002,57893,41109,7800,4104,3696,1463,780,683,720,371,349,79589,48191,31398,19413,9702,9711,48996,37770,11226,44949,35513,9436,240,146,94,184,139,45,888,598,290,43637,34630,9007,4047,2257,1790,127,60,67,43,16,27,147,70,77,3730,2111,1619,3052,1560,1492,119,54,65,36,11,25,121,53,68,2776,1442,1334,995,697,298,8,6,2,7,5,2,26,17,9,954,669,285,50006,20123,29883
27,518,99999,802794,1352,K/W,000000,WARD,Greater Mumbai (M Corp.) (Part) WARD NO.-1352,Urban,71469,312567,162488,150079,29013,15085,13928,10883,5454,5429,2064,1094,970,255615,136021,119594,56952,26467,30485,123718,93134,30584,116786,89258,27528,385,218,167,660,460,200,3114,2216,898,112627,86364,26263,6932,3876,3056,213,111,102,57,28,29,515,204,311,6147,3533,2614,5807,3217,2590,210,109,101,53,24,29,418,152,266,5126,2932,2194,1125,659,466,3,2,1,4,4,0,97,52,45,1021,601,420,188849,69354,119495
27,518,99999,802794,1353,K/W,000000,WARD,Greater Mumbai (M Corp.) (Part) WARD NO.-1353,Urban,22999,92709,46874,45835,7070,3632,3438,1835,907,928,2763,1431,1332,79077,40964,38113,13632,5910,7722,39789,27591,12198,38205,26658,11547,143,80,63,165,138,27,1212,620,592,36685,25820,10865,1584,933,651,67,52,15,17,14,3,113,70,43,1387,797,590,1317,767,550,67,52,15,14,11,3,98,62,36,1138,642,496,267,166,101,0,0,0,3,3,0,15,8,7,249,155,94,52920,19283,33637
27,518,99999,802794,1354,K/W,000000,WARD,Greater Mumbai (M Corp.) (Part) WARD NO.-1354,Urban,2128,9182,4940,4242,1059,584,475,394,204,190,133,65,68,6495,3716,2779,2687,1224,1463,4258,3052,1206,4030,2924,1106,35,17,18,22,6,16,65,32,33,3908,2869,1039,228,128,100,12,6,6,5,2,3,10,3,7,201,117,84,191,113,78,11,6,5,4,2,2,7,3,4,169,102,67,37,15,22,1,0,1,1,0,1,3,0,3,32,15,17,4924,1888,3036
27,518,99999,802794,1357,K/W,000000,WARD,Greater Mumbai (M Corp.) (Part) WARD NO.-1357,Urban,36393,177802,98823,78979,18454,9651,8803,4915,2661,2254,761,413,348,142258,81676,60582,35544,17147,18397,72544,59542,13002,68215,56971,11244,730,399,331,319,266,53,1594,1244,350,65572,55062,10510,4329,2571,1758,130,73,57,54,29,25,235,116,119,3910,2353,1557,3899,2273,1626,130,73,57,54,29,25,175,85,90,3540,2086,1454,430,298,132,0,0,0,0,0,0,60,31,29,370,267,103,105258,39281,65977
27,518,99999,802794,1458,P/S,000000,WARD,Greater Mumbai (M Corp.) (Part) WARD NO.-1458,Urban,5286,23689,13614,10075,2331,1190,1141,1663,916,747,325,189,136,18856,11544,7312,4833,2070,2763,10335,8465,1870,9904,8203,1701,29,18,11,68,57,11,375,239,136,9432,7889,1543,431,262,169,30,13,17,5,4,1,30,8,22,366,237,129,356,213,143,30,13,17,3,2,1,17,5,12,306,193,113,75,49,26,0,0,0,2,2,0,13,3,10,60,44,16,13354,5149,8205
27,518,99999,802794,1459,P/S,000000,WARD,Greater Mumbai (M Corp.) (Part) WARD NO.-1459,Urban,24614,99684,53612,46072,10556,5482,5074,9383,4817,4566,3790,1876,1914,78854,44188,34666,20830,9424,11406,42543,32003,10540,39116,29914,9202,227,138,89,193,135,58,414,245,169,38282,29396,8886,3427,2089,1338,124,52,72,45,24,21,93,46,47,3165,1967,1198,2972,1775,1197,122,50,72,42,22,20,71,31,40,2737,1672,1065,455,314,141,2,2,0,3,2,1,22,15,7,428,295,133,57141,21609,35532
27,518,99999,802794,1460,P/S,000000,WARD,Greater Mumbai (M Corp.) (Part) WARD NO.-1460,Urban,76639,338465,181417,157048,31126,16198,14928,16561,8515,8046,3422,1806,1616,279710,155435,124275,58755,25982,32773,139276,107838,31438,130699,102726,27973,406,288,118,391,289,102,4102,2876,1226,125800,99273,26527,8577,5112,3465,187,104,83,68,36,32,466,190,276,7856,4782,3074,7175,4276,2899,180,98,82,59,32,27,339,131,208,6597,4015,2582,1402,836,566,7,6,1,9,4,5,127,59,68,1259,767,492,199189,73579,125610
27,518,99999,802794,1463,P/S,000000,WARD,Greater Mumbai (M Corp.) (Part) WARD NO.-1463,Urban,383,1669,859,810,159,83,76,44,21,23,17,9,8,1428,750,678,241,109,132,664,517,147,655,515,140,0,0,0,0,0,0,6,3,3,649,512,137,9,2,7,0,0,0,0,0,0,2,0,2,7,2,5,7,2,5,0,0,0,0,0,0,2,0,2,5,2,3,2,0,2,0,0,0,0,0,0,0,0,0,2,0,2,1005,342,663
27,518,99999,802794,1561,P/N,000000,WARD,Greater Mumbai (M Corp.) (Part) WARD NO.-1561,Urban,2349,10121,5361,4760,1364,731,633,472,249,223,690,347,343,7039,4013,3026,3082,1348,1734,4471,3118,1353,4313,3032,1281,19,13,6,16,12,4,189,129,60,4089,2878,1211,158,86,72,2,1,1,0,0,0,16,8,8,140,77,63,133,72,61,2,1,1,0,0,0,15,7,8,116,64,52,25,14,11,0,0,0,0,0,0,1,1,0,24,13,11,5650,2243,3407
27,518,99999,802794,1562,P/N,000000,WARD,Greater Mumbai (M Corp.) (Part) WARD NO.-1562,Urban,40692,168576,85801,82775,13496,6961,6535,4227,2101,2126,1036,522,514,142500,73682,68818,26076,12119,13957,68236,50203,18033,64418,48303,16115,214,120,94,261,181,80,1835,1255,580,62108,46747,15361,3818,1900,1918,137,59,78,65,14,51,261,62,199,3355,1765,1590,3398,1700,1698,134,58,76,62,14,48,204,50,154,2998,1578,1420,420,200,220,3,1,2,3,0,3,57,12,45,357,187,170,100340,35598,64742
27,518,99999,802794,1563,P/N,000000,WARD,Greater Mumbai (M Corp.) (Part) WARD NO.-1563,Urban,26910,120217,62646,57571,10601,5654,4947,3667,1874,1793,1300,630,670,101847,54439,47408,18370,8207,10163,46695,37334,9361,43902,35661,8241,138,89,49,156,118,38,1772,1151,621,41836,34303,7533,2793,1673,1120,88,41,47,55,47,8,219,60,159,2431,1525,906,2504,1521,983,87,40,47,28,21,7,169,54,115,2220,1406,814,289,152,137,1,1,0,27,26,1,50,6,44,211,119,92,73522,25312,48210
27,518,99999,802794,1564,P/N,000000,WARD,Greater Mumbai (M Corp.) (Part) WARD NO.-1564,Urban,87118,391381,219078,172303,42574,22448,20126,20670,10909,9761,4494,2408,2086,312265,184259,128006,79116,34819,44297,158203,130912,27291,149594,125705,23889,405,274,131,1140,959,181,6162,4430,1732,141887,120042,21845,8609,5207,3402,256,135,121,134,99,35,840,378,462,7379,4595,2784,7116,4278,2838,246,131,115,120,92,28,652,310,342,6098,3745,2353,1493,929,564,10,4,6,14,7,7,188,68,120,1281,850,431,233178,88166,145012
27,518,99999,802794,1565,P/N,000000,WARD,Greater Mumbai (M Corp.) (Part) WARD NO.-1565,Urban,53805,247521,132813,114708,31688,16438,15250,9554,4995,4559,2664,1395,1269,183927,103837,80090,63594,28976,34618,92476,74949,17527,85354,70533,14821,232,168,64,614,502,112,2751,1994,757,81757,67869,13888,7122,4416,2706,120,70,50,117,66,51,528,191,337,6357,4089,2268,6136,3779,2357,117,69,48,111,62,49,391,139,252,5517,3509,2008,986,637,349,3,1,2,6,4,2,137,52,85,840,580,260,155045,57864,97181
27,518,99999,802794,1566,P/N,000000,WARD,Greater Mumbai (M Corp.) (Part) WARD NO.-1566,Urban,768,3550,1818,1732,356,181,175,0,0,0,283,142,141,2458,1417,1041,1092,401,691,1569,1106,463,1347,979,368,40,34,6,52,28,24,5,3,2,1250,914,336,222,127,95,5,0,5,8,4,4,1,0,1,208,123,85,196,114,82,5,0,5,7,4,3,0,0,0,184,110,74,26,13,13,0,0,0,1,0,1,1,0,1,24,13,11,1981,712,1269
27,518,99999,802794,1667,R/S,000000,WARD,Greater Mumbai (M Corp.) (Part) WARD NO.-1667,Urban,80526,348033,189485,158548,31330,16524,14806,12115,6459,5656,3916,2079,1837,289212,161918,127294,58821,27567,31254,140115,113694,26421,134743,110209,24534,234,149,85,499,354,145,4909,3654,1255,129101,106052,23049,5372,3485,1887,110,49,61,39,23,16,503,197,306,4720,3216,1504,4056,2589,1467,107,49,58,36,22,14,368,150,218,3545,2368,1177,1316,896,420,3,0,3,3,1,2,135,47,88,1175,848,327,207918,75791,132127
27,518,99999,802794,1668,R/S,000000,WARD,Greater Mumbai (M Corp.) (Part) WARD NO.-1668,Urban,79113,343196,189834,153362,34386,18053,16333,19051,9965,9086,4508,2474,2034,276483,158739,117744,66713,31095,35618,141769,112594,29175,132440,107157,25283,347,215,132,729,547,182,3960,2616,1344,127404,103779,23625,9329,5437,3892,248,126,122,204,116,88,715,220,495,8162,4975,3187,7794,4589,3205,233,122,111,191,109,82,562,184,378,6808,4174,2634,1535,848,687,15,4,11,13,7,6,153,36,117,1354,801,553,201427,77240,124187
27,518,99999,802794,1769,R/C,000000,WARD,Greater Mumbai (M Corp.) (Part) WARD NO.-1769,Urban,74368,306941,156347,150594,23525,12377,11148,14380,7316,7064,3198,1618,1580,266106,136428,129678,40835,19919,20916,122003,88085,33918,115676,84830,30846,350,188,162,456,320,136,2748,1788,960,112122,82534,29588,6327,3255,3072,224,101,123,35,17,18,272,89,183,5796,3048,2748,5639,2857,2782,220,98,122,33,16,17,213,64,149,5173,2679,2494,688,398,290,4,3,1,2,1,1,59,25,34,623,369,254,184938,68262,116676
27,518,99999,802794,1770,R/C,000000,WARD,Greater Mumbai (M Corp.) (Part) WARD NO.-1770,Urban,13831,56789,28906,27883,4147,2136,2011,1475,770,705,1278,640,638,48753,25098,23655,8036,3808,4228,23081,16839,6242,21920,16287,5633,70,47,23,80,63,17,514,328,186,21256,15849,5407,1161,552,609,60,31,29,37,15,22,41,12,29,1023,494,529,1023,492,531,59,30,29,37,15,22,35,11,24,892,436,456,138,60,78,1,1,0,0,0,0,6,1,5,131,58,73,33708,12067,21641
27,518,99999,802794,1771,R/C,000000,WARD,Greater Mumbai (M Corp.) (Part) WARD NO.-1771,Urban,1382,6060,3332,2728,608,336,272,45,21,24,559,286,273,4234,2485,1749,1826,847,979,3050,2048,1002,2767,1915,852,112,98,14,161,106,55,58,41,17,2436,1670,766,283,133,150,7,4,3,83,47,36,12,3,9,181,79,102,181,92,89,7,4,3,79,45,34,9,2,7,86,41,45,102,41,61,0,0,0,4,2,2,3,1,2,95,38,57,3010,1284,1726
27,518,99999,802794,1772,R/C,000000,WARD,Greater Mumbai (M Corp.) (Part) WARD NO.-1772,Urban,21044,91245,48006,43239,7704,4056,3648,4711,2397,2314,1025,541,484,76666,41198,35468,14579,6808,7771,36758,28541,8217,34965,27578,7387,91,55,36,112,88,24,1043,713,330,33719,26722,6997,1793,963,830,68,28,40,10,5,5,147,57,90,1568,873,695,1607,862,745,67,27,40,9,4,5,121,46,75,1410,785,625,186,101,85,1,1,0,1,1,0,26,11,15,158,88,70,54487,19465,35022
27,518,99999,802794,1773,R/C,000000,WARD,Greater Mumbai (M Corp.) (Part) WARD NO.-1773,Urban,24170,101127,52562,48565,8897,4655,4242,6714,3409,3305,2185,1114,1071,84520,45383,39137,16607,7179,9428,41275,30318,10957,38913,29092,9821,99,63,36,400,307,93,1234,819,415,37180,27903,9277,2362,1226,1136,83,42,41,33,14,19,151,65,86,2095,1105,990,1982,1054,928,81,40,41,26,10,16,134,60,74,1741,944,797,380,172,208,2,2,0,7,4,3,17,5,12,354,161,193,59852,22244,37608
27,518,99999,802794,1870,R/N,000000,WARD,Greater Mumbai (M Corp.) (Part) WARD NO.-1870,Urban,30933,122270,66253,56017,11912,6208,5704,3762,2011,1751,1555,825,730,99047,55645,43402,23223,10608,12615,52765,39330,13435,50300,37923,12377,182,134,48,334,260,74,1024,608,416,48760,36921,11839,2465,1407,1058,29,17,12,87,44,43,208,83,125,2141,1263,878,1997,1109,888,28,17,11,85,42,43,155,67,88,1729,983,746,468,298,170,1,0,1,2,2,0,53,16,37,412,280,132,69505,26923,42582
27,518,99999,802794,1873,R/N,000000,WARD,Greater Mumbai (M Corp.) (Part) WARD NO.-1873,Urban,36641,154558,85482,69076,15115,7993,7122,4697,2461,2236,2290,1184,1106,127628,73629,53999,26930,11853,15077,63583,51431,12152,61000,49949,11051,116,84,32,210,170,40,1407,971,436,59267,48724,10543,2583,1482,1101,75,34,41,15,7,8,219,40,179,2274,1401,873,2153,1192,961,75,34,41,12,6,6,174,25,149,1892,1127,765,430,290,140,0,0,0,3,1,2,45,15,30,382,274,108,90975,34051,56924
27,518,99999,802794,1874,R/N,000000,WARD,Greater Mumbai (M Corp.) (Part) WARD NO.-1874,Urban,36517,154540,81975,72565,13692,7307,6385,5601,2895,2706,1752,897,855,129491,70737,58754,25049,11238,13811,61053,48095,12958,58745,46831,11914,80,56,24,182,139,43,1651,1177,474,56832,45459,11373,2308,1264,1044,73,34,39,19,7,12,158,50,108,2058,1173,885,1976,1068,908,73,34,39,19,7,12,126,41,85,1758,986,772,332,196,136,0,0,0,0,0,0,32,9,23,300,187,113,93487,33880,59607
27,518,99999,802794,1975,L,000000,WARD,Greater Mumbai (M Corp.) (Part) WARD NO.-1975,Urban,26590,139548,76669,62879,16673,8537,8136,7980,4016,3964,910,514,396,109713,62653,47060,29835,14016,15819,50435,43462,6973,47647,41544,6103,104,57,47,120,95,25,1211,877,334,46212,40515,5697,2788,1918,870,84,49,35,23,13,10,98,35,63,2583,1821,762,2425,1672,753,82,47,35,19,10,9,78,29,49,2246,1586,660,363,246,117,2,2,0,4,3,1,20,6,14,337,235,102,89113,33207,55906
27,518,99999,802794,1976,L,000000,WARD,Greater Mumbai (M Corp.) (Part) WARD NO.-1976,Urban,3860,19086,10534,8552,1960,1075,885,1687,838,849,65,38,27,15869,9058,6811,3217,1476,1741,7372,6282,1090,7022,6113,909,18,13,5,17,17,0,265,188,77,6722,5895,827,350,169,181,4,1,3,1,1,0,17,2,15,328,165,163,306,146,160,4,1,3,1,1,0,12,1,11,289,143,146,44,23,21,0,0,0,0,0,0,5,1,4,39,22,17,11714,4252,7462
27,518,99999,802794,1977,L,000000,WARD,Greater Mumbai (M Corp.) (Part) WARD NO.-1977,Urban,33618,156954,83653,73301,16350,8528,7822,12770,6469,6301,784,437,347,126916,69945,56971,30038,13708,16330,59060,47401,11659,56171,45606,10565,93,60,33,193,146,47,1261,828,433,54624,44572,10052,2889,1795,1094,81,54,27,12,5,7,125,52,73,2671,1684,987,2294,1366,928,78,51,27,9,4,5,82,38,44,2125,1273,852,595,429,166,3,3,0,3,1,2,43,14,29,546,411,135,97894,36252,61642
27,518,99999,802794,1978,L,000000,WARD,Greater Mumbai (M Corp.) (Part) WARD NO.-1978,Urban,122765,586637,329757,256880,68658,35977,32681,36447,19002,17445,3917,2081,1836,456808,270203,186605,129829,59554,70275,227002,194115,32887,215726,186238,29488,394,291,103,1234,982,252,4523,3294,1229,209575,181671,27904,11276,7877,3399,209,115,94,114,70,44,492,214,278,10461,7478,2983,9143,6258,2885,208,114,94,100,59,41,372,167,205,8463,5918,2545,2133,1619,514,1,1,0,14,11,3,120,47,73,1998,1560,438,359635,135642,223993
27,518,99999,802794,2079,M/E,000000,WARD,Greater Mumbai (M Corp.) (Part) WARD NO.-2079,Urban,9781,47147,24879,22268,5491,2927,2564,8705,4424,4281,366,197,169,36392,20198,16194,10755,4681,6074,16683,13273,3410,15665,12682,2983,49,31,18,59,51,8,634,458,176,14923,12142,2781,1018,591,427,25,8,17,11,4,7,117,47,70,865,532,333,818,461,357,23,7,16,9,3,6,92,42,50,694,409,285,200,130,70,2,1,1,2,1,1,25,5,20,171,123,48,30464,11606,18858
27,518,99999,802794,2080,M/E,000000,WARD,Greater Mumbai (M Corp.) (Part) WARD NO.-2080,Urban,156619,760573,411678,348895,100250,52144,48106,69399,35916,33483,9508,5023,4485,548944,314755,234189,211629,96923,114706,268346,225471,42875,247368,211358,36010,710,498,212,1247,1012,235,7511,5683,1828,237900,204165,33735,20978,14113,6865,537,305,232,255,182,73,1363,713,650,18823,12913,5910,17183,11405,5778,509,285,224,212,148,64,1004,547,457,15458,10425,5033,3795,2708,1087,28,20,8,43,34,9,359,166,193,3365,2488,877,492227,186207,306020
27,518,99999,802794,2179,M/W,000000,WARD,Greater Mumbai (M Corp.) (Part) WARD NO.-2179,Urban,80737,357518,188706,168812,36190,18934,17256,68764,35332,33432,2973,1589,1384,285729,158043,127686,71789,30663,41126,145632,109281,36351,134539,103135,31404,414,265,149,955,755,200,13899,9926,3973,119271,92189,27082,11093,6146,4947,235,113,122,124,75,49,1611,700,911,9123,5258,3865,9160,5015,4145,226,107,119,111,65,46,981,383,598,7842,4460,3382,1933,1131,802,9,6,3,13,10,3,630,317,313,1281,798,483,211886,79425,132461
27,518,99999,802794,2180,M/W,000000,WARD,Greater Mumbai (M Corp.) (Part) WARD NO.-2180,Urban,12870,54375,28925,25450,5131,2706,2425,5110,2639,2471,1002,532,470,43743,24049,19694,10632,4876,5756,22408,17443,4965,20320,16152,4168,107,79,28,105,70,35,496,316,180,19612,15687,3925,2088,1291,797,49,24,25,27,21,6,59,24,35,1953,1222,731,1898,1147,751,49,24,25,22,16,6,41,17,24,1786,1090,696,190,144,46,0,0,0,5,5,0,18,7,11,167,132,35,31967,11482,20485
27,518,99999,802794,2281,N,000000,WARD,Greater Mumbai (M Corp.) (Part) WARD NO.-2281,Urban,53386,233451,123846,109605,21405,11127,10278,23545,12161,11384,2590,1388,1202,192293,105839,86454,41158,18007,23151,92279,72900,19379,87857,70196,17661,146,87,59,329,250,79,2433,1641,792,84949,68218,16731,4422,2704,1718,83,39,44,40,21,19,294,69,225,4005,2575,1430,3489,2128,1361,80,38,42,38,20,18,144,39,105,3227,2031,1196,933,576,357,3,1,2,2,1,1,150,30,120,778,544,234,141172,50946,90226
27,518,99999,802794,2282,N,000000,WARD,Greater Mumbai (M Corp.) (Part) WARD NO.-2282,Urban,11640,54020,29432,24588,4896,2602,2294,3429,1779,1650,400,214,186,43301,23759,19542,10719,5673,5046,22520,18742,3778,21809,18326,3483,38,23,15,34,29,5,455,289,166,21282,17985,3297,711,416,295,8,4,4,2,2,0,33,3,30,668,407,261,614,360,254,8,4,4,1,1,0,21,1,20,584,354,230,97,56,41,0,0,0,1,1,0,12,2,10,84,53,31,31500,10690,20810
27,518,99999,802794,2283,N,000000,WARD,Greater Mumbai (M Corp.) (Part) WARD NO.-2283,Urban,46583,215682,114867,100815,21854,11484,10370,11617,6011,5606,2205,1212,993,177125,97858,79267,38557,17009,21548,82063,66966,15097,78513,64631,13882,157,118,39,398,319,79,1860,1132,728,76098,63062,13036,3550,2335,1215,156,82,74,32,23,9,213,75,138,3149,2155,994,2903,1955,948,149,76,73,27,18,9,164,59,105,2563,1802,761,647,380,267,7,6,1,5,5,0,49,16,33,586,353,233,133619,47901,85718
27,518,99999,802794,2284,N,000000,WARD,Greater Mumbai (M Corp.) (Part) WARD NO.-2284,Urban,26276,119700,64482,55218,12918,6726,6192,12407,6315,6092,1619,862,757,96294,54339,41955,23406,10143,13263,44917,36873,8044,42979,35665,7314,50,31,19,157,122,35,878,608,270,41894,34904,6990,1938,1208,730,30,17,13,9,7,2,95,31,64,1804,1153,651,1609,984,625,30,17,13,9,7,2,79,26,53,1491,934,557,329,224,105,0,0,0,0,0,0,16,5,11,313,219,94,74783,27609,47174
27,518,99999,802794,2384,S,000000,WARD,Greater Mumbai (M Corp.) (Part) WARD NO.-2384,Urban,49589,216393,113954,102439,22082,11513,10569,23367,11692,11675,1687,900,787,177879,97302,80577,38514,16652,21862,84021,65001,19020,78851,61878,16973,289,189,100,424,315,109,2135,1401,734,76003,59973,16030,5170,3123,2047,89,46,43,66,37,29,368,115,253,4647,2925,1722,3952,2343,1609,83,43,40,62,36,26,206,65,141,3601,2199,1402,1218,780,438,6,3,3,4,1,3,162,50,112,1046,726,320,132372,48953,83419
27,518,99999,802794,2385,S,000000,WARD,Greater Mumbai (M Corp.) (Part) WARD NO.-2385,Urban,120373,527390,284904,242486,53086,27854,25232,37466,19418,18048,7922,4180,3742,433145,243151,189994,94245,41753,52492,208453,163943,44510,194487,155077,39410,479,338,141,1018,779,239,4574,3033,1541,188416,150927,37489,13966,8866,5100,326,171,155,123,71,52,766,264,502,12751,8360,4391,11669,7310,4359,308,158,150,109,61,48,524,171,353,10728,6920,3808,2297,1556,741,18,13,5,14,10,4,242,93,149,2023,1440,583,318937,120961,197976
27,518,99999,802794,2486,T,000000,WARD,Greater Mumbai (M Corp.) (Part) WARD NO.-2486,Urban,26023,102918,52437,50481,7819,4123,3696,5192,2635,2557,2585,1276,1309,89350,46178,43172,13568,6259,7309,41899,28830,13069,40321,28064,12257,122,79,43,139,91,48,721,358,363,39339,27536,11803,1578,766,812,61,27,34,66,4,62,73,20,53,1378,715,663,1396,658,738,61,27,34,66,4,62,49,13,36,1220,614,606,182,108,74,0,0,0,0,0,0,24,7,17,158,101,57,61019,23607,37412
27,518,99999,802794,2487,T,000000,WARD,Greater Mumbai (M Corp.) (Part) WARD NO.-2487,Urban,47985,206590,107411,99179,17440,9097,8343,17007,8559,8448,3632,1827,1805,175002,93438,81564,31588,13973,17615,82769,63176,19593,78400,60675,17725,196,118,78,447,314,133,1411,748,663,76346,59495,16851,4369,2501,1868,106,48,58,89,41,48,173,52,121,4001,2360,1641,3702,2067,1635,101,44,57,86,39,47,137,43,94,3378,1941,1437,667,434,233,5,4,1,3,2,1,36,9,27,623,419,204,123821,44235,79586
27,518,99999,802794,2488,T,000000,WARD,Greater Mumbai (M Corp.) (Part) WARD NO.-2488,Urban,7690,31955,16308,15647,2544,1353,1191,1015,492,523,667,346,321,27830,14463,13367,4125,1845,2280,12436,9270,3166,12016,9057,2959,23,15,8,25,19,6,399,174,225,11569,8849,2720,420,213,207,12,5,7,2,1,1,37,7,30,369,200,169,378,192,186,12,5,7,2,1,1,30,4,26,334,182,152,42,21,21,0,0,0,0,0,0,7,3,4,35,18,17,19519,7038,12481